Section,Content
Executive Summary,"The comparison between AAVA 1.0 and AAVA 2.0 metadata reveals a significant structural evolution while maintaining core semantic meaning. AAVA 2.0 introduces a more normalized data model with enhanced metadata organization, moving from a flat workflow structure to a hierarchical workflow-agent relationship model. Key changes include: (1) Workflow metadata enhancement with explicit ID-name separation, (2) Agent model restructuring with unique identifiers and deployment-specific model versioning, (3) Tool reference architecture changes from direct string arrays to structured references, and (4) Task specification consolidation into agent descriptions. The evolution represents a mature metadata contract suitable for enterprise-scale governance and analytics pipeline integration. Risk assessment: Medium - requires downstream system updates but preserves core business logic."
Detailed Analysis - Semantic Similarity,"Score: 85. The core business meaning and workflow logic are preserved between versions. All three agents (DI_Data_Technical_Specification_SN, DI_Delta_Model_Changes_SN, DI_Functional_Test_Cases_SN) maintain identical functional descriptions and business requirements. The workflow purpose remains unchanged: data specification and model updates for technical documentation, delta model changes, and functional test case generation. Deductions: (1) Line 2-4 vs Line 2-5: Workflow identification changed from simple name-id to structured object, potentially affecting semantic queries (-5 points), (2) Line 8-12 vs Line 8-15: Agent task specifications consolidated, reducing explicit output format separation (-5 points), (3) Line 15-45 vs Line 16-48: Tool reference semantics changed from direct tool names to abstract references (-5 points)."
Detailed Analysis - Structural Similarity,"Score: 72. Significant structural reorganization while maintaining logical relationships. AAVA 2.0 introduces normalized data architecture with clear entity separation and enhanced metadata organization. Key structural changes: (1) Root level: workflowId/workflowName flattened to workFlowDetail object (lines 2-3 vs 2-5), (2) Agent organization: nodes array renamed to workflowAgents with enhanced metadata (line 4 vs 6), (3) Agent properties: added agentId, renamed model to modelDeploymentName, restructured tool references (lines 6-10 vs 7-12), (4) Task architecture: eliminated separate task object, consolidated into description field (lines 11-45 vs 13-48). Deductions: (1) Major structural reorganization affecting downstream parsers (-15 points), (2) Property name changes requiring mapping updates (-8 points), (3) Nested object flattening changing access patterns (-5 points)."
Detailed Analysis - Correctness AAVA 1.0,"Score: 98. AAVA 1.0 metadata demonstrates excellent syntactic correctness and internal consistency. JSON structure is well-formed and parseable. All required properties are present with appropriate data types. Agent definitions are complete with proper task specifications. Tool references are consistently formatted as string arrays. Model specifications are uniform across agents. Minor deduction: Line 43-44 in agent 2 and 3 - inconsistent spacing in cost estimation sections (-2 points)."
Detailed Analysis - Correctness AAVA 2.0,"Score: 96. AAVA 2.0 metadata shows strong syntactic correctness with improved data normalization. JSON structure is valid and well-organized. Enhanced metadata organization with proper entity relationships. Agent definitions include comprehensive identification and deployment information. Deductions: Line 12, 25, 38 - toolReferences arrays are empty, potentially indicating incomplete migration from AAVA 1.0 tool specifications (-4 points)."
Scoring Table,"| Aspect | AAVA 1.0 | AAVA 2.0 | Overall |
|----------------------|----------|----------|----------|
| Semantic Similarity | 85 | 85 | 85 |
| Structural Similarity | 72 | 72 | 72 |
| Correctness | 98 | 96 | 97 |
| Overall | - | - | 85 |"
Reasons for Deductions,"• Semantic Similarity (-15): Workflow identification model changes (lines 2-4 vs 2-5), task specification consolidation reducing explicit separation (lines 8-12 vs 8-15), tool reference semantic changes from concrete to abstract (lines 15-45 vs 16-48)
• Structural Similarity (-28): Major architectural reorganization affecting parsing logic (lines 2-3 vs 2-5), property name changes requiring mapping updates throughout, nested object flattening changing data access patterns (lines 11-45 vs 13-48)
• AAVA 1.0 Correctness (-2): Minor formatting inconsistencies in cost estimation sections (lines 43-44 in agents 2-3)
• AAVA 2.0 Correctness (-4): Empty toolReferences arrays suggesting incomplete migration (lines 12, 25, 38)"
Recommendations,"1. **Migration Strategy**: Implement backward compatibility layer for downstream systems parsing AAVA 1.0 format. Create mapping utilities for property name changes (workflowId→workFlowDetail.id, agentName→name, model→modelDeploymentName).
2. **Tool Reference Completion**: Populate toolReferences arrays in AAVA 2.0 or provide clear migration path for tool specifications from AAVA 1.0 format.
3. **Documentation Updates**: Update API documentation and schema definitions to reflect structural changes. Provide migration guide for dependent systems.
4. **Validation Framework**: Implement schema validation for both versions during transition period. Create automated testing for metadata contract compliance.
5. **Governance Impact**: Review downstream analytics pipelines, governance tooling, and validation frameworks for compatibility with AAVA 2.0 structure."